{
	"height" : 480,
	"intrinsic_matrix" : 
	[
		603.2679443359375,
		0.0,
		0.0,
		0.0,
		602.3167724609375,
		0.0,
		319.2886962890625,
		237.92941284179688,
		1.0
	],
	"width" : 640
}