{
    "left": [
        -0.15109314615461417,
        -1.129716662837139,
        -0.13250539694456756,
        -1.5241261597459665,
        1.4956424534650785,
        1.4131407855296774,
        0.10101965896964456
    ],
    "right": [
        -0.01066396175465249,
        -1.0997843300813024,
        0.2761809070940113,
        -1.6029802290943407,
        -1.6409760809987193,
        1.2593597441763598,
        -0.13135347990456742
    ],
    "timestamp": 1766760159.366427
}