{
    "left": [
        -0.15105824209957733,
        -1.1293676555762842,
        -0.13171999744958957,
        -1.507842261260677,
        0.8422609803074114,
        1.4105053213149348,
        0.10084512204970349
    ],
    "right": [
        -0.017348573072751637,
        -1.0985800486363686,
        0.28722884778388,
        -1.4139784828505617,
        -0.8071798916370974,
        1.2325690094004351,
        -0.13870131612204256
    ],
    "timestamp": 1766922847.1242223,
    "name": "Photo"
}