{
    "left": [
        -0.15112806685440783,
        -1.129699219131999,
        -0.1324704928895307,
        -1.5241261597459665,
        1.4956424534650785,
        1.4131057649613428,
        0.1009847465922293
    ],
    "right": [
        -0.010733775066212694,
        -1.099714488681715,
        0.2861467388539536,
        -1.6030674476200408,
        -1.526761623960709,
        1.2502317595401131,
        -0.13416345607211566
    ],
    "timestamp": 1766842385.8050394
}